{"cameraMode":{"drawMode":0,"name":"Shaded","section":"Shading Mode"},"sceneLighting":true,"audioPlay":false,"sceneViewState":{"m_AlwaysRefresh":false,"showFog":true,"showSkybox":true,"showFlares":true,"showImageEffects":true,"showParticleSystems":true,"showVisualEffectGraphs":true,"m_FxEnabled":true},"in2DMode":false,"pivot":{"x":0.1135329082608223,"y":-5.374527454376221,"z":-4.05966854095459},"rotation":{"x":-0.0018937618006020785,"y":-0.9579216837882996,"z":0.2872224450111389,"w":-0.005646598991006613},"size":10.804769515991211,"orthographic":false}