{"cameraMode":{"drawMode":0,"name":"Shaded","section":"Shading Mode"},"sceneLighting":true,"audioPlay":false,"sceneViewState":{"m_AlwaysRefresh":false,"showFog":true,"showSkybox":true,"showFlares":true,"showImageEffects":true,"showParticleSystems":true,"showVisualEffectGraphs":true,"m_FxEnabled":true},"in2DMode":false,"pivot":{"x":10.364240646362305,"y":-28.68677520751953,"z":-0.8403860330581665},"rotation":{"x":0.41249126195907595,"y":0.5622278451919556,"z":-0.38236016035079958,"w":0.6063421964645386},"size":21.362497329711915,"orthographic":false}